TF,celltype_jf,median.expression.multiome,median.expression.scrnaseq,wt.expr.gt.ko.pval,reported.efficiency.of.sgrna
MYT1L,ge_in,1.55937994526879,1.60227655300401,0.00113362911431499,strong
BCL11A,ctx_npc,1.31718875063896,1.29913040617918,0.00542683837850982,strong
KDM5B,ge_in,1.68887545215069,1.59896079460985,0.0340825824514067,strong
KMT2A,ctx_npc,1.26668548169973,1.21331749463113,0.0393548730149002,strong
ASH1L,ge_in,1.45766149361411,1.4935867112408,0.0425330590444261,strong
ASH1L,ctx_ip,1.30419028463711,1.29918602266025,0.0927505680051658,strong
